[
  {
    "id": "0095f05d-ce5c-4daf-96d5-d787c56edbfa",
    "data": [
      {
        "text": "Can I schedule an apppintment?",
        "userDefined": false
      }
    ],
    "isTemplate": false,
    "count": 0,
    "lang": "en",
    "updated": 0
  },
  {
    "id": "18af99ba-5dd0-47e2-9eae-b633fc96126b",
    "data": [
      {
        "text": "I need an appointment",
        "userDefined": false
      }
    ],
    "isTemplate": false,
    "count": 0,
    "lang": "en",
    "updated": 0
  },
  {
    "id": "07d0eb5c-6fdd-47a4-851b-d25a0b185589",
    "data": [
      {
        "text": "I want to set an appointment for ",
        "userDefined": false
      },
      {
        "text": "April 26th",
        "meta": "@sys.date-time",
        "alias": "date-time",
        "userDefined": false
      }
    ],
    "isTemplate": false,
    "count": 0,
    "lang": "en",
    "updated": 0
  },
  {
    "id": "57399825-43e5-4172-a0e8-0d6418146dda",
    "data": [
      {
        "text": "Set appointment ",
        "userDefined": false
      },
      {
        "text": "tomorrow",
        "meta": "@sys.date-time",
        "alias": "date-time",
        "userDefined": false
      }
    ],
    "isTemplate": false,
    "count": 0,
    "lang": "en",
    "updated": 0
  },
  {
    "id": "fbb6134e-93c6-45c2-9c89-ebe44d60dee2",
    "data": [
      {
        "text": "Appointment set ",
        "userDefined": false
      },
      {
        "text": "today",
        "meta": "@sys.date-time",
        "alias": "date-time",
        "userDefined": false
      },
      {
        "text": ".",
        "userDefined": false
      }
    ],
    "isTemplate": false,
    "count": 0,
    "lang": "en",
    "updated": 0
  }
]